{"success":true,"data":{"menu":{"id":2,"name":"قائمة الفوتر","slug":"footer-menu","description":"قائمة روابط سريعة في الفوتر","location":"footer","isActive":true,"createdAt":"2025-05-02T16:45:36.612Z","updatedAt":"2025-05-02T16:45:36.612Z"},"items":[{"id":9,"menuId":2,"parentId":null,"title":"الرئيسية","type":"link","url":"/","targetBlank":false,"pageId":null,"categoryId":null,"levelId":null,"countryId":null,"scholarshipId":null,"postId":null,"order":1,"createdAt":"2025-05-02T16:45:57.496Z","updatedAt":"2025-05-02T16:45:57.496Z","children":[]},{"id":32,"menuId":2,"parentId":null,"title":"اتصل بنا","type":"page","url":null,"targetBlank":false,"pageId":2,"categoryId":null,"levelId":null,"countryId":null,"scholarshipId":null,"postId":null,"order":2,"createdAt":"2025-05-02T22:05:03.760Z","updatedAt":"2025-05-02T22:05:03.760Z","children":[]},{"id":30,"menuId":2,"parentId":null,"title":"سياسة الخصوصية","type":"page","url":null,"targetBlank":false,"pageId":3,"categoryId":null,"levelId":null,"countryId":null,"scholarshipId":null,"postId":null,"order":3,"createdAt":"2025-05-02T21:58:08.947Z","updatedAt":"2025-05-02T21:58:08.947Z","children":[]}]}}