{"success":true,"data":[{"id":7,"title":"الكوكيز","slug":"cookie-policy","content":"Bbhh","metaTitle":"G | FULLSCO","metaDescription":"","isPublished":true,"showInFooter":null,"showInHeader":null,"createdAt":"2025-05-02T22:13:36.998Z","updatedAt":"2025-05-02T22:13:36.998Z"},{"id":5,"title":"الأسئلة الشائعة","slug":"faq","content":"<h1>الأسئلة الشائعة</h1>\n<p>فيما يلي إجابات لبعض الأسئلة الشائعة التي قد تكون لديك حول المنح الدراسية وخدماتنا.</p>\n<div class=\"faq-item\">\n  <h2>أسئلة عامة حول المنح الدراسية</h2>\n  <div class=\"question\">\n    <h3>ما هي المنحة الدراسية؟</h3>\n    <p>المنحة الدراسية هي دعم مالي يُقدم للطلاب لمساعدتهم في تغطية تكاليف دراستهم. قد تغطي المنحة الرسوم الدراسية كاملة أو جزء منها، وقد تشمل أيضًا بدل معيشة وسكن وتذاكر سفر وتأمين صحي.</p>\n  </div>\n  <div class=\"question\">\n    <h3>ما هو الفرق بين المنحة الممولة بالكامل والمنحة الجزئية؟</h3>\n    <p>المنحة الممولة بالكامل تغطي جميع التكاليف المرتبطة بالدراسة بما في ذلك الرسوم الدراسية وتكاليف المعيشة. أما المنحة الجزئية فتغطي جزءًا من التكاليف فقط، مثل الرسوم الدراسية فقط دون تكاليف المعيشة.</p>\n  </div>\n  <div class=\"question\">\n    <h3>هل يمكنني التقدم لأكثر من منحة دراسية في نفس الوقت؟</h3>\n    <p>نعم، يُنصح بالتقدم لعدة منح دراسية في نفس الوقت لزيادة فرصك في الحصول على قبول. ولكن تأكد من تلبية شروط كل منحة والالتزام بمواعيد التقديم.</p>\n  </div>\n</div>\n<div class=\"faq-item\">\n  <h2>حول التقديم للمنح الدراسية</h2>\n  <div class=\"question\">\n    <h3>ما هي المستندات المطلوبة عادةً للتقديم للمنح الدراسية؟</h3>\n    <p>تختلف المستندات المطلوبة حسب المنحة، لكنها غالبًا تشمل: السيرة الذاتية، خطاب الدوافع، النسخ الأكاديمية، شهادة إتقان اللغة (مثل التوفل أو الآيلتس)، خطابات التوصية، وأحيانًا مقالات شخصية أو بحثية.</p>\n  </div>\n  <div class=\"question\">\n    <h3>كيف أزيد من فرصي في الحصول على منحة دراسية؟</h3>\n    <p>لزيادة فرصك، قم بتحسين سجلك الأكاديمي، وتطوير مهاراتك اللغوية، والمشاركة في الأنشطة اللامنهجية والتطوعية، وإعداد مستندات تقديم قوية ومخصصة لكل منحة، والبدء في التحضير مبكرًا.</p>\n  </div>\n  <div class=\"question\">\n    <h3>ما هي أهم النصائح لكتابة خطاب دوافع قوي؟</h3>\n    <p>اكتب خطاب دوافع مخصص لكل منحة، وأظهر فهمك العميق للمؤسسة المانحة وبرامجها. اشرح بوضوح دوافعك للدراسة في هذا المجال وكيف ستساهم المنحة في تحقيق أهدافك المهنية. قدم أمثلة ملموسة على إنجازاتك وتجاربك ذات الصلة، واكتب بلغة واضحة وخالية من الأخطاء.</p>\n  </div>\n</div>\n<div class=\"faq-item\">\n  <h2>حول خدمات FULLSCO</h2>\n  <div class=\"question\">\n    <h3>هل خدمات FULLSCO مجانية؟</h3>\n    <p>نعم، موقعنا الإلكتروني ومعظم الموارد المتاحة عليه مجانية للاستخدام. نقدم معلومات شاملة عن المنح الدراسية والموارد التعليمية للمساعدة في عملية التقديم.</p>\n  </div>\n  <div class=\"question\">\n    <h3>كيف يمكنني البقاء على اطلاع بأحدث المنح الدراسية؟</h3>\n    <p>يمكنك الاشتراك في نشرتنا الإخبارية للحصول على تحديثات منتظمة حول أحدث فرص المنح الدراسية. يمكنك أيضًا متابعتنا على وسائل التواصل الاجتماعي للاطلاع على الإعلانات الجديدة.</p>\n  </div>\n  <div class=\"question\">\n    <h3>هل تقدمون خدمات استشارية مخصصة للتقديم للمنح الدراسية؟</h3>\n    <p>نعم، نقدم خدمات استشارية مخصصة لمساعدة الطلاب في اختيار المنح المناسبة وإعداد طلبات تقديم قوية. يرجى التواصل معنا للحصول على مزيد من المعلومات.</p>\n  </div>\n</div>","metaTitle":"الأسئلة الشائعة | FULLSCO - منصة المنح الدراسية للطلاب العرب","metaDescription":"إجابات على الأسئلة الشائعة حول المنح الدراسية وعملية التقديم. تعرف على نصائح وإرشادات مهمة للحصول على منح دراسية.","isPublished":true,"showInFooter":true,"showInHeader":false,"createdAt":"2025-05-02T16:11:39.136Z","updatedAt":"2025-05-02T16:11:39.136Z"},{"id":4,"title":"شروط الاستخدام","slug":"terms","content":"<h1>شروط الاستخدام</h1>\n<p>آخر تحديث: 2 مايو 2023</p>\n<p>مرحبًا بك في FULLSCO. يرجى قراءة شروط الاستخدام التالية بعناية قبل استخدام موقعنا وخدماتنا.</p>\n<h2>1. قبول الشروط</h2>\n<p>باستخدامك لموقع FULLSCO، فإنك توافق على الالتزام بهذه الشروط وجميع القوانين واللوائح المعمول بها. إذا كنت لا توافق على أي من هذه الشروط، فيرجى عدم استخدام موقعنا.</p>\n<h2>2. التغييرات في الشروط</h2>\n<p>نحتفظ بالحق في تعديل هذه الشروط في أي وقت. سيتم نشر النسخة المحدثة على هذه الصفحة. استمرارك في استخدام الموقع بعد نشر أي تغييرات يشكل قبولك لهذه التغييرات.</p>\n<h2>3. استخدام الموقع</h2>\n<p>أنت توافق على استخدام موقعنا للأغراض المشروعة فقط وبطريقة لا تنتهك حقوق الآخرين. يحظر عليك:</p>\n<ul>\n<li>استخدام الموقع بطريقة تعطل أو تضر بالموقع أو إمكانية وصول أي مستخدم آخر.</li>\n<li>نشر أي محتوى غير قانوني أو ضار أو مسيء أو تشهيري.</li>\n<li>محاولة الوصول إلى أنظمتنا أو شبكاتنا بدون إذن.</li>\n<li>جمع معلومات المستخدمين بدون موافقتهم.</li>\n</ul>\n<h2>4. حسابات المستخدمين</h2>\n<p>قد تحتاج إلى إنشاء حساب للوصول إلى بعض ميزات موقعنا. أنت مسؤول عن:</p>\n<ul>\n<li>الحفاظ على سرية بيانات تسجيل الدخول الخاصة بك.</li>\n<li>تقديم معلومات دقيقة وكاملة.</li>\n<li>تحديث معلوماتك عند الضرورة.</li>\n</ul>\n<h2>5. المحتوى</h2>\n<p>يحتوي موقعنا على معلومات حول المنح الدراسية والفرص التعليمية. نبذل جهودًا معقولة للتحقق من دقة المعلومات، ولكننا لا نضمن اكتمالها أو حداثتها. أنت توافق على استخدام هذه المعلومات على مسؤوليتك الخاصة.</p>\n<h2>6. الملكية الفكرية</h2>\n<p>جميع المحتويات والمواد المتاحة على موقعنا، بما في ذلك النصوص والصور والرسومات والشعارات، هي ملك لـ FULLSCO أو مرخصة لنا. لا يجوز لك نسخ أو إعادة إنتاج أو توزيع أي محتوى من موقعنا بدون إذن كتابي مسبق.</p>\n<h2>7. الروابط الخارجية</h2>\n<p>قد يحتوي موقعنا على روابط لمواقع خارجية. نحن لا نتحكم في محتوى هذه المواقع ولا نتحمل أي مسؤولية عنها.</p>\n<h2>8. إخلاء المسؤولية</h2>\n<p>يتم توفير موقعنا \"كما هو\" بدون أي ضمانات. لا نتحمل المسؤولية عن أي أضرار قد تنشأ من استخدامك للموقع.</p>\n<h2>9. حدود المسؤولية</h2>\n<p>لن تكون FULLSCO مسؤولة عن أي أضرار مباشرة أو غير مباشرة أو عرضية أو خاصة أو تبعية ناتجة عن استخدامك للموقع.</p>\n<h2>10. القانون الحاكم</h2>\n<p>تخضع هذه الشروط للقوانين المعمول بها، وأي نزاع ينشأ بموجبها سيخضع للاختصاص القضائي للمحاكم المختصة.</p>\n<h2>11. اتصل بنا</h2>\n<p>إذا كان لديك أي أسئلة حول شروط الاستخدام هذه، يرجى الاتصال بنا عبر البريد الإلكتروني: info@fullsco.com</p>","metaTitle":"شروط الاستخدام | FULLSCO - منصة المنح الدراسية للطلاب العرب","metaDescription":"تعرف على شروط استخدام منصة FULLSCO وحقوقك ومسؤولياتك عند استخدام موقعنا وخدماتنا.","isPublished":true,"showInFooter":true,"showInHeader":false,"createdAt":"2025-05-02T16:10:41.745Z","updatedAt":"2025-05-02T16:10:41.745Z"},{"id":3,"title":"سياسة الخصوصية","slug":"privacy-policy","content":"<h1>سياسة الخصوصية</h1>\n<p>آخر تحديث: 2 مايو 2023</p>\n<p>نحن في FULLSCO نقدر خصوصيتك ونلتزم بحماية بياناتك الشخصية. توضح سياسة الخصوصية هذه كيفية جمعنا واستخدامنا لمعلوماتك عند استخدام موقعنا الإلكتروني.</p>\n<h2>1. المعلومات التي نجمعها</h2>\n<p>قد نقوم بجمع المعلومات التالية:</p>\n<ul>\n<li>معلومات الاتصال: مثل الاسم، البريد الإلكتروني، رقم الهاتف.</li>\n<li>معلومات التسجيل: عند إنشاء حساب على منصتنا.</li>\n<li>معلومات الاستخدام: كيفية استخدامك لموقعنا وخدماتنا.</li>\n<li>المعلومات التقنية: مثل عنوان IP، نوع المتصفح، ونظام التشغيل.</li>\n</ul>\n<h2>2. كيف نستخدم معلوماتك</h2>\n<p>نستخدم المعلومات التي نجمعها للأغراض التالية:</p>\n<ul>\n<li>توفير خدماتنا وتحسينها.</li>\n<li>التواصل معك بشأن استفساراتك وطلباتك.</li>\n<li>إرسال إشعارات وتحديثات متعلقة بالمنح الدراسية بناءً على اهتماماتك (في حال موافقتك).</li>\n<li>تحليل أداء موقعنا وتحسين تجربة المستخدم.</li>\n</ul>\n<h2>3. مشاركة المعلومات</h2>\n<p>نحن لا نبيع أو نؤجر معلوماتك الشخصية لأطراف ثالثة. قد نشارك معلوماتك في الحالات التالية:</p>\n<ul>\n<li>مع مزودي الخدمة الذين يساعدوننا في تشغيل موقعنا.</li>\n<li>عندما يكون ذلك مطلوبًا بموجب القانون.</li>\n<li>لحماية حقوقنا أو ممتلكاتنا.</li>\n</ul>\n<h2>4. أمان المعلومات</h2>\n<p>نتخذ إجراءات أمنية معقولة لحماية معلوماتك الشخصية من الوصول غير المصرح به أو الكشف عنها.</p>\n<h2>5. حقوقك</h2>\n<p>تمتلك الحقوق التالية فيما يتعلق بمعلوماتك الشخصية:</p>\n<ul>\n<li>الوصول إلى معلوماتك الشخصية.</li>\n<li>تصحيح معلوماتك غير الدقيقة.</li>\n<li>حذف معلوماتك (في ظروف معينة).</li>\n<li>الاعتراض على معالجة معلوماتك.</li>\n<li>سحب موافقتك في أي وقت.</li>\n</ul>\n<h2>6. ملفات تعريف الارتباط</h2>\n<p>نستخدم ملفات تعريف الارتباط (cookies) لتحسين تجربتك على موقعنا. يمكنك تعديل إعدادات متصفحك لرفض ملفات تعريف الارتباط، ولكن قد يؤثر ذلك على وظائف معينة في الموقع.</p>\n<h2>7. التغييرات على سياسة الخصوصية</h2>\n<p>قد نقوم بتحديث سياسة الخصوصية هذه من وقت لآخر. سيتم نشر أي تغييرات على هذه الصفحة.</p>\n<h2>8. اتصل بنا</h2>\n<p>إذا كان لديك أي أسئلة حول سياسة الخصوصية هذه، يرجى الاتصال بنا عبر البريد الإلكتروني: info@fullsco.com</p>","metaTitle":"سياسة الخصوصية | FULLSCO - منصة المنح الدراسية للطلاب العرب","metaDescription":"تعرف على سياسة الخصوصية الخاصة بمنصة FULLSCO وكيفية حماية بياناتك الشخصية عند استخدام موقعنا.","isPublished":true,"showInFooter":true,"showInHeader":false,"createdAt":"2025-05-02T16:10:15.004Z","updatedAt":"2025-05-02T16:10:15.004Z"},{"id":2,"title":"دق علينا","slug":"contact-us","content":"<h1>اتصل بنا</h1>\n<p>يسعدنا في FULLSCO التواصل معك والإجابة على استفساراتك. يمكنك الاتصال بنا من خلال أي من الطرق التالية:</p>\n<div class=\"contact-info\">\n  <h2>معلومات الاتصال</h2>\n  <div class=\"info-item\">\n    <h3>البريد الإلكتروني</h3>\n    <p><a href=\"mailto:info@fullsco.com\">info@fullsco.com</a></p>\n  </div>\n  <div class=\"info-item\">\n    <h3>رقم الهاتف</h3>\n    <p>+90876</p>\n  </div>\n  <div class=\"info-item\">\n    <h3>واتساب</h3>\n    <p>+875443</p>\n  </div>\n  <div class=\"info-item\">\n    <h3>العنوان</h3>\n    <p>Hhjjii</p>\n  </div>\n</div>\n<div class=\"social-media\">\n  <h2>تابعنا على وسائل التواصل الاجتماعي</h2>\n  <ul>\n    <li><a href=\"https://Facebook.com/fullsco\" target=\"_blank\">فيسبوك</a></li>\n    <li><a href=\"#\" target=\"_blank\">تويتر</a></li>\n    <li><a href=\"#\" target=\"_blank\">انستغرام</a></li>\n    <li><a href=\"#\" target=\"_blank\">لينكد إن</a></li>\n  </ul>\n</div>\n<div class=\"contact-form\">\n  <h2>نموذج التواصل</h2>\n  <p>يمكنك أيضًا التواصل معنا من خلال تعبئة النموذج التالي:</p>\n  <form>\n    <div class=\"form-group\">\n      <label for=\"name\">الاسم الكامل</label>\n      <input type=\"text\" id=\"name\" name=\"name\" required />\n    </div>\n    <div class=\"form-group\">\n      <label for=\"email\">البريد الإلكتروني</label>\n      <input type=\"email\" id=\"email\" name=\"email\" required />\n    </div>\n    <div class=\"form-group\">\n      <label for=\"subject\">الموضوع</label>\n      <input type=\"text\" id=\"subject\" name=\"subject\" required />\n    </div>\n    <div class=\"form-group\">\n      <label for=\"message\">الرسالة</label>\n      <textarea id=\"message\" name=\"message\" rows=\"5\" required></textarea>\n    </div>\n    <button type=\"submit\">إرسال</button>\n  </form>\n</div>","metaTitle":"اتصل بنا | FULLSCO - منصة المنح الدراسية للطلاب العرب","metaDescription":"تواصل مع فريق FULLSCO للاستفسارات والمساعدة في مجال المنح الدراسية. نحن هنا لمساعدتك في رحلتك الأكاديمية.","isPublished":true,"showInFooter":false,"showInHeader":true,"createdAt":"2025-05-02T16:09:51.737Z","updatedAt":"2025-05-02T16:09:51.737Z"},{"id":1,"title":"من نحن","slug":"about-us","content":"<h1>من نحن</h1>\n<p>مرحبًا بك في منصة FULLSCO - الوجهة الأولى للطلاب العرب الباحثين عن فرص المنح الدراسية حول العالم.</p>\n<h2>رؤيتنا</h2>\n<p>نسعى في FULLSCO إلى تمكين الطلاب العرب من الوصول إلى أفضل فرص التعليم العالي عالميًا من خلال توفير منصة شاملة ومتكاملة للمنح الدراسية.</p>\n<h2>مهمتنا</h2>\n<p>مهمتنا هي تسهيل رحلة البحث عن المنح الدراسية للطلاب العرب من خلال توفير معلومات دقيقة وشاملة، ونصائح متخصصة، وموارد تعليمية تساعدهم في تحقيق طموحاتهم الأكاديمية.</p>\n<h2>قيمنا</h2>\n<ul>\n<li>المصداقية: نلتزم بتقديم معلومات دقيقة وموثوقة عن المنح الدراسية.</li>\n<li>الشمولية: نسعى لتوفير فرص متنوعة تناسب مختلف التخصصات والمستويات الدراسية.</li>\n<li>الدعم: نقدم الإرشاد والدعم المستمر للطلاب في رحلة التقديم للمنح الدراسية.</li>\n<li>التميز: نسعى دائمًا لتطوير منصتنا وخدماتنا لتقديم تجربة مستخدم متميزة.</li>\n</ul>\n<h2>فريقنا</h2>\n<p>يضم فريق FULLSCO مجموعة من الخبراء والمتخصصين في مجال المنح الدراسية والتعليم الدولي، ممن يتمتعون بخبرات واسعة في هذا المجال.</p>","metaTitle":"من نحن | FULLSCO - منصة المنح الدراسية للطلاب العرب","metaDescription":"تعرف على منصة FULLSCO وفريقنا ورؤيتنا لمساعدة الطلاب العرب في العثور على أفضل فرص المنح الدراسية حول العالم.","isPublished":true,"showInFooter":false,"showInHeader":true,"createdAt":"2025-05-02T16:09:36.006Z","updatedAt":"2025-05-02T16:09:36.006Z"}]}